Name,Maker,Eras,Approvable,Images,BuyLink,ModelLink,Notes
Xir Chahl,3d Cauldron,Modern; Legacy; Pilot w/ Acc.; Covert; Survivor; Master,Yes,/images/helmets/p007-1.png; /images/helmets/p007-2.png; /images/helmets/p007-3.png,,,
Mauldalorian (Live Action Ahsoka),Alexander Makes,Modern; Legacy; Pilot w/ Acc.; Covert; Survivor; Master,Yes,/images/helmets/p009-1.png; /images/helmets/p009-2.png; /images/helmets/p009-3.png,https://www.etsy.com/listing/1588705892/mauldalorian-helmet-3d-print-file-super,,
Mauldalorian (Animated Version),Alexander Makes,Modern; Legacy; Pilot w/ Acc.; Covert; Survivor; Master,Yes,/images/helmets/p009-4.png; /images/helmets/p009-5.png; /images/helmets/p009-6.png,,,
Buccaneer,Alexander Makes,Modern; Legacy; Pilot w/ Acc.; Covert; Mercenary; Survivor; Master,Yes,/images/helmets/p010-1.png; /images/helmets/p010-2.png; /images/helmets/p010-3.png,,,
Covert Fem,Alexander Makes,Modern; Legacy; Pilot w/ Acc.; Covert; Mercenary; Survivor; Master,Yes,/images/helmets/p011-1.png; /images/helmets/p011-2.png; /images/helmets/p011-3.png,,,
Grogulorian,Alexander Makes,,No,/images/helmets/p012-1.png; /images/helmets/p012-2.png; /images/helmets/p012-3.png,,,
Death Watch,Alexander Makes,Modern; Legacy; Pilot w/ Acc.; Covert; Mercenary; Survivor; Master,Yes,/images/helmets/p013-1.png; /images/helmets/p013-2.png; /images/helmets/p013-3.png,,,
Gar Saxon,Alexander Makes,Modern; Legacy; Covert; Survivor; Master,Yes,/images/helmets/p014-1.png; /images/helmets/p014-2.png; /images/helmets/p014-3.png,,,
Juggernaut,Alexander Makes,Modern; Legacy; Covert; Survivor; Master,Yes,/images/helmets/p015-1.png; /images/helmets/p015-2.png; /images/helmets/p015-3.png; /images/helmets/p015-4.png,,,
Insertion,Alexander Makes,Modern; Legacy; Covert w/ Traditional Earcaps,Yes,/images/helmets/p016-1.png; /images/helmets/p016-2.png; /images/helmets/p016-3.png; /images/helmets/p016-4.png,,,
Pathfinder,Alexander Makes,Modern; Legacy; Pilot w/ Acc.; Covert; Survivor; Master,Yes,/images/helmets/p017-1.png; /images/helmets/p017-2.png; /images/helmets/p017-3.png,,,
Reeves,Alexander Makes,Modern; Legacy; Pilot w/ Acc.; Covert; Survivor; Master,Yes,/images/helmets/p018-1.png; /images/helmets/p018-2.png; /images/helmets/p018-3.png,,,
Viking Mando,Alexander Makes,,No,/images/helmets/p019-1.png; /images/helmets/p019-2.png; /images/helmets/p019-3.png,,,
Architect,Alter Ego,Modern; Legacy; Covert,Yes,/images/helmets/p022-1.png; /images/helmets/p022-2.png; /images/helmets/p022-3.png,,,
Aurok,Alter Ego,Modern; Legacy; Pilot w/ Acc.; Covert; Survivor; Master,Yes,/images/helmets/p022-4.png; /images/helmets/p022-5.png; /images/helmets/p022-6.png,,,
Banshee (Alt Visor),Alter Ego,Modern; Legacy; Pilot w/ Acc.; Covert; Survivor; Master,Yes,/images/helmets/p023-1.png; /images/helmets/p023-2.png; /images/helmets/p023-3.png; /images/helmets/p023-4.png,,,
Dunewalker (Alt Visor),Alter Ego,Modern; Legacy; Covert,Yes,/images/helmets/p024-1.png; /images/helmets/p024-2.png; /images/helmets/p024-3.png; /images/helmets/p024-4.png,,,
Foreman,Alter Ego,Modern; Legacy; Pilot w/ Acc.; Covert; Survivor; Master,Yes,/images/helmets/p025-1.png; /images/helmets/p025-2.png; /images/helmets/p025-3.png,,,
Grunt (Alt Antenna),Alter Ego,Modern; Legacy; Pilot w/ Acc.; Covert; Mercenary; Survivor; Master,Yes,/images/helmets/p026-1.png; /images/helmets/p026-2.png; /images/helmets/p026-3.png; /images/helmets/p026-4.png,,,
Guardian,Alter Ego,Modern; Legacy; Pilot w/ Acc.; Covert; Survivor; Master,Yes,/images/helmets/p027-1.png; /images/helmets/p027-2.png; /images/helmets/p027-3.png,,,
Liege,Alter Ego,Modern; Legacy; Covert; Survivor; Master,Yes,/images/helmets/p028-1.png; /images/helmets/p028-2.png; /images/helmets/p028-3.png,,,
Loyalist (Alt Version),Alter Ego,Modern; Legacy; Pilot w/ Acc.; Covert (12 mm max bridge); Survivor (Full visor required); Master (Full visor required),Yes,/images/helmets/p029-1.png; /images/helmets/p029-2.png; /images/helmets/p029-3.png; /images/helmets/p029-4.png,,,
Matriarch,Alter Ego,Modern; Legacy; Pilot w/ Acc.; Covert; Survivor; Master,Yes,/images/helmets/p030-3.png; /images/helmets/p030-4.png; /images/helmets/p030-5.png,,,
Medieval Mando,Alter Ego,,No,/images/helmets/p031-1.png; /images/helmets/p031-2.png; /images/helmets/p031-3.png,,,
Mountianeer (Alt Version),Alter Ego,Modern; Legacy; Covert (Hard cheeks required),Yes,/images/helmets/p032-1.png; /images/helmets/p032-2.png; /images/helmets/p032-3.png; /images/helmets/p032-4.png,,,
Operator (Alt Version),Alter Ego,Modern; Legacy; Pilot w/ Acc.; Covert; Survivor; Master,Yes,/images/helmets/p033-1.png; /images/helmets/p033-2.png; /images/helmets/p033-3.png; /images/helmets/p033-4.png,,,
Partisan,Alter Ego,Modern; Legacy; Pilot w/ Acc.; Covert; Survivor; Master,Yes,,,,
Ranger,Alter Ego,Modern; Legacy; Pilot w/ Acc.; Covert; Survivor; Master,Yes,/images/helmets/p035-1.png; /images/helmets/p035-2.png; /images/helmets/p035-3.png; /images/helmets/p035-4.png,,,
Rook,Alter Ego,Modern; Legacy; Pilot w/ Acc.; Covert; Survivor (Bridge must be removed); Master (Bridge must be removed),Yes,/images/helmets/p036-1.png; /images/helmets/p036-2.png; /images/helmets/p036-3.png,,,
Shrike,Alter Ego,Modern; Legacy; Covert; Survivor; Master,Yes,/images/helmets/p037-1.png; /images/helmets/p037-2.png; /images/helmets/p037-3.png,,,
Vanguard,Alter Ego,Modern; Legacy; Pilot w/ Acc.; Covert,Yes,,,,
Warden,Alter Ego,Modern; Legacy; Pilot w/ Acc.; Covert; Survivor; Master,Yes,/images/helmets/p039-1.png; /images/helmets/p039-2.png; /images/helmets/p039-3.png,,,
The Armorer,Hasbro,Modern; Legacy; Covert; Survivor; Master,Yes,/images/helmets/p042-1.png; /images/helmets/p042-2.png; /images/helmets/p042-3.png; /images/helmets/p042-4.png,,,
Axe Woves,Hasbro,Modern; Legacy; Pilot w/ Acc.; Covert; Mercenary; Survivor; Master,Yes,/images/helmets/p042-5.png; /images/helmets/p042-6.png; /images/helmets/p042-7.png; /images/helmets/p042-8.png,,,
Bo-Katan,Hasbro,Modern; Legacy; Pilot w/ Acc.; Covert; Mercenary; Survivor; Master,Yes,/images/helmets/p043-1.png; /images/helmets/p043-2.png; /images/helmets/p043-3.png,,,
Death Watch,Hasbro,Modern; Legacy; Pilot w/ Acc.; Covert; Mercenary; Survivor; Master,Yes,/images/helmets/p044-1.png; /images/helmets/p044-2.png; /images/helmets/p044-3.png; /images/helmets/p044-4.png,,,
Din Djarin,Hasbro,Modern; Legacy; Pilot w/ Acc.; Covert; Mercenary; Survivor; Master,Yes,/images/helmets/p045-1.png; /images/helmets/p045-2.png; /images/helmets/p045-3.png,,,
Boba (ESB),Hasbro,Modern; Legacy; Pilot w/ Acc.; Covert; Mercenary; Survivor; Master,Yes,/images/helmets/p046-1.png; /images/helmets/p046-2.png; /images/helmets/p046-3.png; /images/helmets/p046-4.png,,,
Boba (ESB),Hasbro,Modern; Legacy; Pilot w/ Acc.; Covert; Mercenary; Survivor; Master,Yes,/images/helmets/p048-1.png,,,
Boba Fett (Prototype),Hasbro,Modern; Legacy; Pilot w/ Acc.; Covert; Mercenary; Survivor; Master,Yes,/images/helmets/p049-1.png; /images/helmets/p049-2.png,,,
Boba Fett (Re-Armored),Hasbro,Modern; Legacy; Pilot w/ Acc.; Covert; Mercenary; Survivor; Master,Yes,/images/helmets/p050-1.png; /images/helmets/p050-2.png; /images/helmets/p050-3.png,,,
Moff Gideon,Hasbro,,No,,,,
Sabine,Hasbro,Modern; Legacy; Pilot w/ Acc.; Covert; Mercenary; Survivor; Master,Yes,/images/helmets/p052-1.png; /images/helmets/p052-2.png; /images/helmets/p052-3.png,,,
Bastion Mandalorian,Cabris Workshop,Modern; Legacy; Pilot w/ Acc.; Covert,Yes,/images/helmets/p054-1.png,,,
Covert Hawk,Cabris Workshop,Modern; Legacy; Pilot w/ Acc.; Covert; Survivor; Master,Yes,/images/helmets/p054-2.png,,,
Covert Hunter,Cabris Workshop,Modern; Legacy; Pilot w/ Acc.; Covert; Survivor; Master,Yes,/images/helmets/p055-1.png; /images/helmets/p055-2.png,,,
Paladin,Cabris Workshop,Modern; Legacy; Pilot w/ Acc.; Covert; Survivor; Master,Yes,/images/helmets/p056-1.png; /images/helmets/p056-2.png,,,
Raider,Cabris Workshop,Modern; Legacy; Pilot w/ Acc.; Covert (12mm bridge max,Yes,/images/helmets/p057-1.png,,,
Wolf Mando,Ceredir Cosplay,Modern; Legacy; Covert,Yes,/images/helmets/p060-1.png; /images/helmets/p060-2.png; /images/helmets/p060-3.png,,,
Gamma Wolf,Cin Wolf Customs,Modern; Legacy; Pilot w/ Acc.; Covert; Survivor; Master,Yes,/images/helmets/p062-1.png; /images/helmets/p062-2.png; /images/helmets/p062-3.png,,,
She Wolf,Cin Wolf Customs,Modern; Legacy; Pilot w/ Acc.; Covert; Survivor; Master,Yes,/images/helmets/p062-4.png,,,
Wanderer,Cin Wolf Customs,Modern; Legacy; Pilot w/ Acc.; Covert,Yes,/images/helmets/p063-1.png; /images/helmets/p063-2.png; /images/helmets/p063-3.png,,,
Datho Wolf,Cin Wolf Customs,Modern; Legacy; Covert (Horns must be blunt),Yes,/images/helmets/p064-1.png; /images/helmets/p064-2.png; /images/helmets/p064-3.png,,,
Spectress,Cin Wolf Customs,Modern; Legacy; Covert,Yes,/images/helmets/p065-1.png; /images/helmets/p065-2.png; /images/helmets/p065-3.png,,,
Pre Vizsla,Eternal Armory,Modern; Legacy; Pilot w/ Acc.; Covert,Yes,,,,
Elite Female,Evolv Studios,Modern; Legacy; Pilot w/ Acc.; Covert; Mercenary; Survivor; Master,Yes,,,,
Moff Gideon,Evolv Studios,,No,,,,
Mandalorian Helmet Concept,Evolv Studios,Modern; Legacy; Covert (Bridge Required),,,,,
Imperial MK3,Galactic3dEmpire,Modern; Legacy; Pilot w/ Acc.; Covert,Yes,/images/helmets/p092-1.png; /images/helmets/p092-2.png; /images/helmets/p092-3.png; /images/helmets/p092-4.png,,,
Imperial MK4,Galactic3dEmpire,Modern; Legacy; Pilot w/ Acc.; Covert,Yes,/images/helmets/p093-1.png; /images/helmets/p093-2.png; /images/helmets/p093-3.png,,,
Imperial Mk5,Galactic3dEmpire,Modern; Legacy; Pilot w/ Acc.; Covert; Survivor; Master,Yes,/images/helmets/p094-1.png; /images/helmets/p094-2.png; /images/helmets/p094-3.png,,,
Imperial MK6,Galactic3dEmpire,Modern; Legacy; Pilot w/ Acc.; Covert,Yes,/images/helmets/p095-1.png; /images/helmets/p095-2.png; /images/helmets/p095-3.png; /images/helmets/p095-4.png,,,
Imperial Mk7,Galactic3dEmpire,,No,/images/helmets/p096-1.png; /images/helmets/p096-2.png; /images/helmets/p096-3.png,,,
Sith Hunter,Galactic3dEmpire,Modern; Legacy; Pilot w/ Acc.,Yes,/images/helmets/p097-1.png; /images/helmets/p097-2.png; /images/helmets/p097-3.png,,,
Specialist,Galactic3dEmpire,Modern; Legacy; Pilot w/ Acc.; Covert; Survivor; Master,Yes,/images/helmets/p098-1.png; /images/helmets/p098-2.png; /images/helmets/p098-3.png,,,
Aran Tal,Galactic Armory,Modern; Legacy; Pilot w/ Acc.; Covert (Solid backing behind the cheeks required),Yes,/images/helmets/p100-1.png; /images/helmets/p100-2.png; /images/helmets/p100-3.png,,,
Armorer,Galactic Armory,Modern; Legacy; Covert; Survivor; Master,Yes,/images/helmets/p101-1.png; /images/helmets/p101-2.png; /images/helmets/p101-3.png,,,
Armorer Spartan,Galactic Armory,,No,/images/helmets/p102-1.png; /images/helmets/p102-2.png; /images/helmets/p102-3.png; /images/helmets/p102-4.png,,,
Bo Katan,Galactic Armory,Modern; Legacy; Pilot w/ Acc.; Covert; Mercenary; Survivor; Master,Yes,/images/helmets/p103-1.png; /images/helmets/p103-2.png; /images/helmets/p103-3.png,,,
Boba Fett (Not Canon Accurate),Galactic Armory,Modern; Legacy; Pilot w/ Acc.; Covert; Mercenary; Survivor; Master,Yes,/images/helmets/p104-1.png; /images/helmets/p104-2.png; /images/helmets/p104-3.png; /images/helmets/p104-4.png,,,
Cowboy,Galactic Armory,Modern; Legacy; Covert,Yes,/images/helmets/p105-1.png; /images/helmets/p105-2.png; /images/helmets/p105-3.png,,,
Female Deathwatch (Canon - For Animated CRL Only),Galactic Armory,Modern; Legacy,Yes,/images/helmets/p106-1.png; /images/helmets/p106-2.png; /images/helmets/p106-3.png,,,
Galactic Mandalorian,Galactic Armory,,No,/images/helmets/p107-1.png; /images/helmets/p107-2.png; /images/helmets/p107-3.png,,,
Gar Saxon (Not Canon Accurate),Galactic Armory,Modern; Legacy,Yes,/images/helmets/p108-1.png; /images/helmets/p108-2.png; /images/helmets/p108-3.png,,,
Hazmat Mando,Galactic Armory,Modern; Legacy; Covert,Yes,/images/helmets/p109-1.png; /images/helmets/p109-2.png; /images/helmets/p109-3.png,,,
Heavy Mando (Not Canon Accurate),Galactic Armory,Modern; Legacy; Covert; Survivor; Master,Yes,/images/helmets/p110-1.png; /images/helmets/p110-2.png; /images/helmets/p110-3.png; /images/helmets/p110-4.png,,,
Heavy Mando Spartan,Galactic Armory,,No,/images/helmets/p111-1.png; /images/helmets/p111-2.png; /images/helmets/p111-3.png,,,
Imperial Mando Commando,Galactic Armory,,No,/images/helmets/p112-1.png; /images/helmets/p112-2.png; /images/helmets/p112-3.png,,,
Mandalorian Child (Approved for Verd'ika Use Only),Galactic Armory,Modern; Legacy; Pilot w/ Acc.; Covert; Mercenary; Survivor; Master,Yes,/images/helmets/p113-1.png; /images/helmets/p113-2.png; /images/helmets/p113-3.png,,,
Mandalorian (Din),Galactic Armory,Modern; Legacy; Pilot w/ Acc.; Covert; Mercenary; Survivor; Master,Yes,/images/helmets/p114-1.png; /images/helmets/p114-2.png; /images/helmets/p114-3.png,,,
Mando Spartan V1,Galactic Armory,Modern; Legacy; Pilot w/ Acc.; Covert; Survivor; Master,Yes,/images/helmets/p115-1.png; /images/helmets/p115-2.png; /images/helmets/p115-3.png,,,
Mando Spartan V2,Galactic Armory,,No,/images/helmets/p116-1.png; /images/helmets/p116-2.png; /images/helmets/p116-3.png,,,
Medieval Bo Katan,Galactic Armory,,No,/images/helmets/p117-1.png; /images/helmets/p117-2.png; /images/helmets/p117-3.png; /images/helmets/p117-4.png,,,
Medieval Boba Fett,Galactic Armory,,No,/images/helmets/p118-1.png; /images/helmets/p118-2.png; /images/helmets/p118-3.png; /images/helmets/p118-4.png,,,
Medieval Mando,Galactic Armory,,No,/images/helmets/p119-1.png; /images/helmets/p119-2.png; /images/helmets/p119-3.png,,,
Moff Gideon,Galactic Armory,,No,/images/helmets/p120-1.png; /images/helmets/p120-2.png; /images/helmets/p120-3.png,,,
Sabine Wren,Galactic Armory,Modern; Legacy; Pilot w/ Acc.; Covert; Survivor; Master,Yes,/images/helmets/p121-1.png; /images/helmets/p121-2.png; /images/helmets/p121-3.png; /images/helmets/p121-4.png,,,
Techno Mando,Galactic Armory,,No,/images/helmets/p122-1.png; /images/helmets/p122-2.png; /images/helmets/p122-3.png,,,
Hellraiser,Headshot Props,Modern; Legacy; Pilot w/ Acc.,Yes,/images/helmets/p124-2.png; /images/helmets/p124-3.png; /images/helmets/p124-4.png,,,
Kauboi,Hosk Workshop,Modern; Legacy; Pilot w/ Acc.; Covert; Survivor; Master,Yes,/images/helmets/p154-1.png; /images/helmets/p154-2.png; /images/helmets/p154-3.png,,,
Kijo,Hosk Workshop,Modern; Legacy; Covert; Survivor; Master,Yes,/images/helmets/p155-1.png; /images/helmets/p155-2.png; /images/helmets/p155-3.png,,,
Kodama,Hosk Workshop,Modern; Legacy; Covert; Survivor; Master,Yes,/images/helmets/p156-1.png; /images/helmets/p156-2.png; /images/helmets/p156-3.png,,,
Majo,Hosk Workshop,Modern; Legacy; Covert; Survivor; Master,Yes,/images/helmets/p157-1.png; /images/helmets/p157-2.png; /images/helmets/p157-3.png; /images/helmets/p157-4.png,,,
Mezu,Hosk Workshop,,No,/images/helmets/p158-1.png; /images/helmets/p158-2.png; /images/helmets/p158-3.png; /images/helmets/p158-4.png,,,
Nightowl,Hosk Workshop,Modern; Legacy; Pilot w/ Acc.; Covert; Survivor; Master,Yes,/images/helmets/p159-1.png; /images/helmets/p159-2.png; /images/helmets/p159-3.png,,,
Nue (Alt. Visor),Hosk Workshop,Modern; Legacy; Pilot w/ Acc.; Covert (Full T-Visor required); Survivor (Full T-Visor required); Master (Full T-Visor required),Yes,/images/helmets/p160-1.png; /images/helmets/p160-2.png; /images/helmets/p160-3.png,,,
Okami,Hosk Workshop,,No,/images/helmets/p161-1.png; /images/helmets/p161-2.png; /images/helmets/p161-3.png,,,
Okami V2,Hosk Workshop,Modern; Legacy; Pilot w/ Acc.; Covert (Avoid Shoretrooper style paint),Yes,/images/helmets/p162-1.png; /images/helmets/p162-2.png; /images/helmets/p162-3.png,,,
Onryo,Hosk Workshop,Modern; Legacy; Pilot w/ Acc.; Covert,Yes,/images/helmets/p163-1.png; /images/helmets/p163-2.png; /images/helmets/p163-3.png,,,
Samurai,Hosk Workshop,,No,/images/helmets/p164-1.png; /images/helmets/p164-2.png; /images/helmets/p164-3.png,,,
Satori,Hosk Workshop,Modern; Legacy; Covert,Yes,/images/helmets/p165-1.png; /images/helmets/p165-2.png; /images/helmets/p165-3.png,,,
Shae,Hosk Workshop,Comic Crusader; Tech Crusader,Yes,/images/helmets/p166-1.png; /images/helmets/p166-2.png; /images/helmets/p166-3.png; /images/helmets/p166-4.png,,,
Shinjya,Hosk Workshop,Modern; Legacy; Covert,Yes,/images/helmets/p167-1.png; /images/helmets/p167-2.png; /images/helmets/p167-3.png,,,
Shiryo,Hosk Workshop,Modern; Legacy; Covert,Yes,/images/helmets/p168-1.png; /images/helmets/p168-2.png; /images/helmets/p168-3.png,,,
Skyfarron,Hosk Workshop,Modern; Legacy; Covert (Earcaps required),Yes,/images/helmets/p169-1.png; /images/helmets/p169-2.png; /images/helmets/p169-3.png; /images/helmets/p169-4.png; /images/helmets/p169-5.png; /images/helmets/p169-6.png,,,
Sw-h5k,Hosk Workshop,Modern; Legacy; Pilot w/ Acc.; Covert,Yes,/images/helmets/p170-1.png; /images/helmets/p170-2.png; /images/helmets/p170-3.png,,,
Tengu,Hosk Workshop,Modern; Legacy; Pilot w/ Acc.; Covert (Full T-Visor required); Survivor (Full T-Visor required); Master (Full T-Visor required),Yes,/images/helmets/p171-1.png; /images/helmets/p171-2.png; /images/helmets/p171-3.png,,,
Tenka,Hosk Workshop,Modern; Legacy; Pilot w/ Acc.; Covert; Mercenary; Survivor; Master,Yes,/images/helmets/p172-1.png; /images/helmets/p172-2.png; /images/helmets/p172-3.png,,,
Tenko,Hosk Workshop,Modern; Legacy; Pilot w/ Acc.; Covert; Survivor; Master,Yes,/images/helmets/p173-1.png; /images/helmets/p173-2.png; /images/helmets/p173-3.png,,,
Tesso,Hosk Workshop,Modern; Legacy; Pilot w/ Acc.; Covert (Earcap modifications required for use with Covert),Yes,/images/helmets/p174-1.png; /images/helmets/p174-2.png; /images/helmets/p174-3.png,,,
Tool Cabinete,Hosk Workshop,,No,/images/helmets/p175-1.png; /images/helmets/p175-2.png; /images/helmets/p175-3.png,,,
Twilek,Hosk Workshop,Modern; Legacy; Covert; Survivor; Master,Yes,/images/helmets/p176-1.png; /images/helmets/p176-2.png; /images/helmets/p176-3.png; /images/helmets/p176-4.png,,,
Uwan,Hosk Workshop,Modern; Legacy; Pilot w/ Acc.; Covert (Full T-Visor required); Survivor (Full T-Visor required); Master (Full T-Visor required),Yes,/images/helmets/p177-1.png; /images/helmets/p177-2.png; /images/helmets/p177-3.png,,,
Yama,Hosk Workshop,Modern; Legacy; Covert,Yes,/images/helmets/p178-1.png; /images/helmets/p178-2.png; /images/helmets/p178-3.png,,,
Yuki,Hosk Workshop,Modern; Legacy; Covert,Yes,/images/helmets/p179-1.png; /images/helmets/p179-2.png; /images/helmets/p179-3.png; /images/helmets/p179-4.png,,,
Yurei,Hosk Workshop,Modern; Legacy; Pilot w/ Acc.; Covert,Yes,,,,
Executioner,Lonewolf Customs,,No,,,,
Foundling,Lonewolf Customs,Modern; Legacy; Pilot w/ Acc.; Covert; Mercenary; Survivor; Master,Yes,/images/helmets/p216-1.png; /images/helmets/p216-2.png,,,
Graffiti Rebel,Lonewolf Customs,Modern; Legacy; Pilot w/ Acc.; Covert; Survivor; Master; Canon for Animated w/ RF,Yes,/images/helmets/p216-3.png; /images/helmets/p216-4.png; /images/helmets/p216-5.png; /images/helmets/p216-6.png,,,
Mama Bear,Lonewolf Customs,Modern; Legacy; Covert; Survivor; Master; Canon for Animated,Yes,/images/helmets/p216-7.png; /images/helmets/p216-8.png; /images/helmets/p216-9.png,,,
Pilot,Lonewolf Customs,Modern; Legacy; Pilot w/ Acc.,Yes,/images/helmets/p217-1.png; /images/helmets/p217-2.png; /images/helmets/p217-3.png,,,
Male Grunt,Lonewolf Customs,Modern; Legacy; Pilot w/ Acc.; Covert; Survivor; Master; Canon for Animated,Yes,/images/helmets/p218-1.png; /images/helmets/p218-2.png; /images/helmets/p218-3.png,,,
Ace Pilot,MakerBak3d,Modern; Legacy; Pilot w/ Acc.,Yes,,,,
Berserker,MakerBak3d,Modern; Legacy; Covert,Yes,/images/helmets/p221-1.png; /images/helmets/p221-2.png; /images/helmets/p221-3.png; /images/helmets/p221-4.png,,,
Gunny,MakerBak3d,Modern; Legacy; Pilot w/ Acc.; Covert,Yes,/images/helmets/p222-1.png; /images/helmets/p222-2.png; /images/helmets/p222-3.png,,,
Tec-Spec,MakerBak3d,,No,,,,
Valkyrix,MakerBak3d,,No,/images/helmets/p224-1.png; /images/helmets/p224-2.png; /images/helmets/p224-3.png; /images/helmets/p224-4.png; /images/helmets/p224-5.png; /images/helmets/p224-6.png,,,
Neo Scout,ModernMando,Comic Crusader; Tech Crusader,Yes,,,,
Peregrine,ModernMando,Modern; Legacy; Pilot w/ Acc.; Covert,Yes,/images/helmets/p227-1.png; /images/helmets/p227-2.png,,,
Tracker,ModernMando,Modern; Legacy; Pilot w/ Acc.; Covert,Yes,/images/helmets/p228-1.png; /images/helmets/p228-2.png; /images/helmets/p228-3.png,,,
Centurion,Mynock's Den,,No,,,,
GI,Mynock's Den,Modern; Legacy; Pilot w/ Acc.; Covert; Survivor; Master,Yes,/images/helmets/p231-1.png; /images/helmets/p231-2.png; /images/helmets/p231-3.png; /images/helmets/p231-4.png,,,
Operator,Mynock's Den,Modern; Legacy; Pilot w/ Acc.; Covert; Mercenary; Survivor; Master,Yes,/images/helmets/p232-1.png; /images/helmets/p232-2.png; /images/helmets/p232-3.png; /images/helmets/p232-4.png,,,
Recon,Mynock's Den,Modern; Legacy; Pilot w/ Acc.; Covert,Yes,/images/helmets/p233-1.png; /images/helmets/p233-2.png; /images/helmets/p233-3.png; /images/helmets/p233-4.png,,,
Shae Vizsla,Mynock's Den,Comic Crusader; Tech Crusader,Yes,/images/helmets/p234-1.png; /images/helmets/p234-2.png; /images/helmets/p234-3.png; /images/helmets/p234-4.png,,,
Armorer,Mystery Makers Studio,Modern; Legacy; Covert; Survivor; Master,Yes,,,,
Bo Katan,Mystery Makers Studio,Modern; Legacy; Pilot w/ Acc.; Covert; Mercenary; Survivor; Master; Canon,Yes,/images/helmets/p237-1.png; /images/helmets/p237-2.png; /images/helmets/p237-3.png; /images/helmets/p237-4.png,,,
Custom,Mystery Makers Studio,,No,/images/helmets/p238-1.png; /images/helmets/p238-2.png; /images/helmets/p238-3.png; /images/helmets/p238-4.png,,,
Din Djarin,Mystery Makers Studio,Modern; Legacy; Pilot w/ Acc.; Covert; Mercenary; Survivor; Master; Canon,Yes,/images/helmets/p239-1.png; /images/helmets/p239-2.png; /images/helmets/p239-3.png,,,
Foundling,Mystery Makers Studio,Modern; Legacy; Pilot w/ Acc.; Covert; Mercenary; Survivor; Master; VERD'IKA ONLY,Yes,/images/helmets/p240-1.png,,,
Jango,Mystery Makers Studio,Modern; Legacy; Pilot w/ Acc.; Covert; Mercenary; Survivor; Master; Canon,Yes,/images/helmets/p241-1.png; /images/helmets/p241-2.png; /images/helmets/p241-3.png,,,
Mandalore the Ultimate,Mystery Makers Studio,CANON ONLY,Yes,/images/helmets/p242-1.png; /images/helmets/p242-2.png,,,
Paz Vizsla,Mystery Makers Studio,Modern; Legacy; Pilot w/ Acc.; Covert; Mercenary; Survivor; Master; Canon,Yes,/images/helmets/p243-1.png; /images/helmets/p243-2.png; /images/helmets/p243-3.png,,,
Pumpkin,Mystery Makers Studio,,No,/images/helmets/p244-1.png,,,
Punisher,Mystery Makers Studio,,No,,,,
Sabine,Mystery Makers Studio,Modern,Yes,,,,
Super Commando,Mystery Makers Studio,Modern,Yes,,,,
Assassin,NME Props,Modern; Legacy; Pilot w/ Acc.; Covert,Yes,,,,
Death Stalker (Alt Visor),NME Props,Comic Crusader; Tech Crusader,Yes,,,,
DiMNE-Covert,NME Props,Modern; Legacy; Pilot w/ Acc.; Covert; Mercenary; Survivor; Master,Yes,,,,
DiMNE-Covert,NME Props,Modern; Legacy; Pilot w/ Acc.; Covert; Mercenary; Survivor; Master,Yes,,,,
Neo Guard,NME Props,Comic Crusader; Tech Crusader,Yes,,,,
Stalker Heavy,NME Props,Modern; Legacy; Pilot w/ Acc.; Covert; Survivor,Yes,,,,
Ursa,Project 842,Modern; Legacy; Pilot w/ Acc.; Covert,Yes,,,,
Koska,Villainous Prop Shop,Modern; Legacy; Pilot w/ Acc.; Covert; Mercenary; Survivor; Master,Yes,,,,
Mando with Macro,Villainous Prop Shop,Modern; Legacy; Pilot w/ Acc.; Covert; Mercenary; Survivor; Master,Yes,,,,
Merciless Seeker,Villainous Prop Shop,Early Crusader,Yes,,,,
Shadow Seeker,Villainous Prop Shop,Comic Crusader; Tech Crusader,Yes,,,,
Stormbringer (Phase 2),Villainous Prop Shop,Tech Crusader,Yes,,,,
Clan Wren Warrior,Warlord Arsenal,Modern; Legacy; Pilot w/ Acc.; Covert; Survivor; Master,Yes,,,,
Dune Hunter,Warlord Arsenal,Comic Crusader; Tech Crusader,Yes,,,,
Ironside,Warlord Arsenal,Modern; Legacy; Covert; Survivor; Master,Yes,,,,
Ironside,Warlord Arsenal,Modern; Legacy; Covert; Survivor; Master,Yes,,,,
Pathfinder Modern,Warlord Arsenal,Modern; Legacy; Pilot w/ Acc.; Covert,Yes,,,,
Pre Vizsla,Warlord Arsenal,Modern; Legacy,Yes,,,,
Ramikad,Warlord Arsenal,Modern; Legacy; Covert,Yes,,,,
Ramikad,Warlord Arsenal,Modern; Legacy; Covert,Yes,,,,
Sol'yc,Warlord Arsenal,Modern; Legacy; Pilot w/ Acc.; Covert; Survivor; Master,Yes,,,,
Sundarian,Warlord Arsenal,Modern; Legacy; Pilot w/ Acc.; Covert; Survivor w/ Mods***; Master w/ Mods***,Yes,,,,
Tarre Vizsla,Warlord Arsenal,Comic Crusader; Tech Crusader; Modern,Yes,,,,
Judge,Warmaster Workshop,Modern; Legacy; Pilot w/ Acc.; Covert,Yes,,,,
Seeker,Warmaster Workshop,Modern; Legacy; Pilot w/ Acc.; Covert,Yes,,,,
Storm,Warmaster Workshop,Modern; Legacy; Pilot w/ Acc.; Covert,Yes,,,,
Maverick,Warmaster Workshop,Modern; Legacy; Pilot w/ Acc.; Covert,Yes,,,,
Akuma,Hosk Workshop,"Modern; Legacy",Yes,/images/helmets/p127-1.png,,,
Amanojaku,Hosk Workshop,"Modern; Legacy; Pilot w/ Acc.; Covert; Survivor; Master",Yes,/images/helmets/p128-1.png,,,
Ancient V1 (Alternate Version),Hosk Workshop,"Modern; Legacy; Covert",Yes,"/images/helmets/p129-1.png; /images/helmets/p129-2.png; /images/helmets/p129-3.png; /images/helmets/p129-4.png",,,
Ancient V2,Hosk Workshop,"Modern; Legacy; Covert",Yes,"/images/helmets/p130-1.png; /images/helmets/p130-2.png; /images/helmets/p130-3.png",,,
Anmo,Hosk Workshop,"Modern; Legacy; Pilot w/ Acc.; Covert*",Yes,"/images/helmets/p131-1.png; /images/helmets/p131-2.png; /images/helmets/p131-3.png",,,
Bo Katan,Hosk Workshop,"Modern; Legacy; Pilot w/ Acc.; Covert; Mercenary; Survivor; Master",Yes,"/images/helmets/p132-1.png; /images/helmets/p132-2.png; /images/helmets/p132-3.png",,,
Byakko (Alt Version),Hosk Workshop,"Modern; Legacy; Covert",Yes,"/images/helmets/p133-1.png; /images/helmets/p133-2.png; /images/helmets/p133-3.png; /images/helmets/p133-4.png; /images/helmets/p133-5.png; /images/helmets/p133-6.png",,,
Charismatic,Hosk Workshop,"Comic Crusader; Tech Crusader",Yes,"/images/helmets/p134-1.png; /images/helmets/p134-2.png; /images/helmets/p134-3.png; /images/helmets/p134-4.png",,,
Denki,Hosk Workshop,,No,"/images/helmets/p135-1.png; /images/helmets/p135-2.png; /images/helmets/p135-3.png",,,
Emma,Hosk Workshop,"Modern; Legacy; Covert; Survivor; Master",Yes,"/images/helmets/p136-1.png; /images/helmets/p136-2.png; /images/helmets/p136-3.png",,,
Enenra,Hosk Workshop,"Modern; Legacy; Pilot w/ Acc.; Covert; Mercenary; Survivor; Master",Yes,"/images/helmets/p137-1.png; /images/helmets/p137-2.png; /images/helmets/p137-3.png",,,
Enko,Hosk Workshop,"Modern; Legacy; Pilot w/ Acc.; Covert; Survivor; Master",Yes,"/images/helmets/p138-1.png; /images/helmets/p138-2.png; /images/helmets/p138-3.png; /images/helmets/p138-4.png",,,
Enma,Hosk Workshop,"Modern; Legacy; Covert; Survivor; Master",Yes,"/images/helmets/p139-1.png; /images/helmets/p139-2.png; /images/helmets/p139-3.png; /images/helmets/p139-4.png",,,
Gado,Hosk Workshop,"Modern; Legacy; Pilot w/ Acc.; Covert",Yes,"/images/helmets/p140-1.png; /images/helmets/p140-2.png; /images/helmets/p140-3.png; /images/helmets/p140-4.png",,,
Gozu,Hosk Workshop,,No,"/images/helmets/p141-1.png; /images/helmets/p141-2.png; /images/helmets/p141-3.png; /images/helmets/p141-4.png",,,
Gunslinger,Hosk Workshop,,No,"/images/helmets/p142-1.png; /images/helmets/p142-2.png; /images/helmets/p142-3.png; /images/helmets/p142-4.png",,,
Gyuki,Hosk Workshop,"Modern; Legacy",Yes,"/images/helmets/p143-1.png; /images/helmets/p143-2.png; /images/helmets/p143-3.png; /images/helmets/p143-4.png",,,
Hannya,Hosk Workshop,"Modern; Legacy; Covert",Yes,"/images/helmets/p144-1.png; /images/helmets/p144-2.png; /images/helmets/p144-3.png; /images/helmets/p144-4.png",,,
Hunter (Alt. Visor),Hosk Workshop,"Comic Crusader; Tech Crusader",Yes,"/images/helmets/p145-1.png; /images/helmets/p145-2.png; /images/helmets/p145-3.png; /images/helmets/p145-4.png; /images/helmets/p145-5.png",,,
Ibaraki,Hosk Workshop,"Modern; Legacy; Pilot w/ Acc.; Covert",Yes,"/images/helmets/p146-1.png; /images/helmets/p146-2.png; /images/helmets/p146-3.png; /images/helmets/p146-4.png",,,
Ikiryo,Hosk Workshop,"Modern; Legacy; Covert",Yes,"/images/helmets/p147-1.png; /images/helmets/p147-2.png; /images/helmets/p147-3.png; /images/helmets/p147-4.png",,,
Imoto (Alt. Visor),Hosk Workshop,,No,"/images/helmets/p148-1.png; /images/helmets/p148-2.png; /images/helmets/p148-3.png; /images/helmets/p148-4.png; /images/helmets/p148-5.png",,,
Imoto (Alt. Visor),Hosk Workshop,,No,"/images/helmets/p149-1.png; /images/helmets/p149-2.png; /images/helmets/p149-3.png; /images/helmets/p149-4.png; /images/helmets/p149-5.png",,,
Jatai,Hosk Workshop,"Modern; Legacy; Pilot w/ Acc.",Yes,"/images/helmets/p150-1.png; /images/helmets/p150-2.png; /images/helmets/p150-3.png",,,
Joku,Hosk Workshop,,No,"/images/helmets/p151-1.png; /images/helmets/p151-2.png; /images/helmets/p151-3.png; /images/helmets/p151-4.png",,,
Kami,Hosk Workshop,"Modern; Legacy; Pilot w/ Acc.",Yes,"/images/helmets/p152-1.png; /images/helmets/p152-2.png; /images/helmets/p152-3.png; /images/helmets/p152-4.png",,,
Kasha,Hosk Workshop,"Modern; Legacy; Pilot w/ Acc.; Covert; Survivor; Master",Yes,"/images/helmets/p153-1.png; /images/helmets/p153-2.png; /images/helmets/p153-3.png",,,
Crow,JTMProps,"Modern; Legacy; Pilot w/ Acc.; Covert; Mercenary; Survivor; Master",Yes,"/images/helmets/p193-1.png; /images/helmets/p193-2.png; /images/helmets/p193-3.png; /images/helmets/p193-4.png",,,
Gar Saxon,JTMProps,"Modern; Legacy; Pilot w/ Acc.; Covert; Survivor; Master",Yes,"/images/helmets/p194-1.png; /images/helmets/p194-2.png; /images/helmets/p194-3.png",,,
Grunt,JTMProps,"Modern; Legacy; Pilot w/ Acc.; Covert; Mercenary; Survivor; Master",Yes,"/images/helmets/p195-1.png; /images/helmets/p195-2.png; /images/helmets/p195-3.png",,,
Hawk,JTMProps,"Modern; Legacy; Pilot w/ Acc.; Covert; Survivor; Master",Yes,"/images/helmets/p196-1.png; /images/helmets/p196-2.png; /images/helmets/p196-3.png",,,
Heavy Infantry,JTMProps,,No,"/images/helmets/p197-1.png; /images/helmets/p197-2.png; /images/helmets/p197-3.png; /images/helmets/p197-4.png",,,
Jedi Hunter,JTMProps,"Comic Crusader; Tech Crusader",Yes,"/images/helmets/p198-1.png; /images/helmets/p198-2.png; /images/helmets/p198-3.png; /images/helmets/p198-4.png",,,
Modern,JTMProps,"Modern; Legacy; Pilot w/ Acc.; Covert; Mercenary; Survivor; Master",Yes,"/images/helmets/p199-1.png; /images/helmets/p199-2.png; /images/helmets/p199-3.png; /images/helmets/p199-4.png",,,
Owl,JTMProps,"Modern; Legacy; Pilot w/ Acc.; Covert; Survivor; Master",Yes,"/images/helmets/p200-1.png; /images/helmets/p200-2.png; /images/helmets/p200-3.png; /images/helmets/p200-4.png",,,
Pilot,JTMProps,"Modern; Legacy; Pilot w/ Acc.; Covert; Survivor; Master",Yes,"/images/helmets/p201-1.png; /images/helmets/p201-2.png; /images/helmets/p201-3.png; /images/helmets/p201-4.png",,,
Protector,JTMProps,"Modern; Legacy; Pilot w/ Acc.; Covert; Survivor; Master",Yes,"/images/helmets/p202-1.png; /images/helmets/p202-2.png; /images/helmets/p202-3.png; /images/helmets/p202-4.png",,,
Rebels,JTMProps,"Modern; Legacy; Pilot w/ Acc.; Covert; Mercenary; Survivor; Master",Yes,"/images/helmets/p203-1.png; /images/helmets/p203-2.png; /images/helmets/p203-3.png; /images/helmets/p203-4.png",,,
Soldier,JTMProps,"Modern; Legacy; Pilot w/ Acc.; Covert; Mercenary; Survivor; Master",Yes,"/images/helmets/p204-1.png; /images/helmets/p204-2.png; /images/helmets/p204-3.png; /images/helmets/p204-4.png",,,
Twilek,JTMProps,"Modern; Legacy; Pilot w/ Acc.; Covert",Yes,"/images/helmets/p205-1.png; /images/helmets/p205-2.png; /images/helmets/p205-3.png",,,
Warrior,JTMProps,"Modern; Legacy; Pilot w/ Acc.; Covert",Yes,"/images/helmets/p206-1.png; /images/helmets/p206-2.png; /images/helmets/p206-3.png; /images/helmets/p206-4.png",,,
Reaver,Keldabe Arms,"Comic Crusader; Tech Crusader",Yes,"/images/helmets/p208-1.png; /images/helmets/p208-2.png; /images/helmets/p208-3.png; /images/helmets/p208-4.png",,,
Kruser,Kruser Creations,"Modern; Legacy; Pilot w/ Acc.; Covert; Survivor; Master",Yes,"/images/helmets/p210-1.png; /images/helmets/p210-2.png; /images/helmets/p210-3.png; /images/helmets/p210-4.png",,,
Shortcut,Kruser Creations,"Modern; Legacy; Pilot w/ Acc.; Covert; Survivor; Master",Yes,"/images/helmets/p211-1.png; /images/helmets/p211-2.png; /images/helmets/p211-3.png",,,
Blank: With and without Rangefinder,Lonewolf Customs,"Modern; Legacy; Pilot w/ Acc.; Covert; Mercenary; Survivor; Master",Yes,"/images/helmets/p213-1.png; /images/helmets/p213-2.png",,,
Gunner,Reprops,"Modern; Legacy; Pilot w/ Acc.; Covert",Yes,/images/helmets/p278-1.png,,,
Big Mando Bucket,Sarel's Armory,"Modern; Legacy; Pilot w/ Acc.; Covert",Yes,"/images/helmets/p280-1.png; /images/helmets/p280-2.png; /images/helmets/p280-3.png; /images/helmets/p280-4.png",,,
Celtic,Saz,"Modern; Legacy",Yes,"/images/helmets/p282-1.png; /images/helmets/p282-2.png; /images/helmets/p282-3.png; /images/helmets/p282-4.png",,,
Starbreaker,Saz,"Modern; Legacy; Covert",Yes,/images/helmets/p283-1.png,,,
Ilgaak,Star Furnace,"Modern; Legacy; Pilot w/ Acc.; Covert",Yes,/images/helmets/p285-1.png,,,
Kabuto,Star Furnace,"Modern; Legacy",Yes,/images/helmets/p286-1.png,,,
Tragmar,Star Furnace,"Modern; Legacy; Covert",Yes,/images/helmets/p287-1.png,,,
Father,Stein Custom Designs,"Modern; Legacy; Pilot w/ Acc.; Covert; Mercenary; Survivor; Master",Yes,/images/helmets/p289-1.png,,,
Forge,Stein Custom Designs,"Modern; Legacy; Pilot w/ Acc.; Covert",Yes,"/images/helmets/p290-1.png; /images/helmets/p290-2.png",,,
Katana,Stein Custom Designs,"Modern; Legacy; Pilot w/ Acc.; Covert",Yes,"/images/helmets/p291-1.png; /images/helmets/p291-2.png; /images/helmets/p291-3.png",,,
Seeker,Stein Custom Designs,"Modern; Legacy; Pilot w/ Acc.; Covert; Mercenary; Survivor; Master",Yes,"/images/helmets/p292-1.png; /images/helmets/p292-2.png; /images/helmets/p292-3.png; /images/helmets/p292-4.png",,,
Stout,Stein Custom Designs,"Modern; Legacy; Pilot w/ Acc.; Covert; Survivor; Master",Yes,"/images/helmets/p293-1.png; /images/helmets/p293-2.png; /images/helmets/p293-3.png",,,
Visionary,Stein Custom Designs,"Modern; Legacy; Pilot w/ Acc.; Covert; Survivor; Master",Yes,"/images/helmets/p294-1.png; /images/helmets/p294-2.png; /images/helmets/p294-3.png; /images/helmets/p294-4.png",,,
Widowmaker,Storm Seeker Studios,"Modern; Legacy; Pilot w/ Acc.; Covert; Survivor; Master",Yes,/images/helmets/p296-1.png,,,
Soul Seeker,Storm Seeker Studios,"Modern; Legacy; Pilot w/ Acc.; Covert; Survivor; Master",Yes,/images/helmets/p297-1.png,,,
Juggernaut,Tom Vader,"Modern; Legacy; Pilot w/ Acc.; Covert",Yes,"/images/helmets/p299-1.png; /images/helmets/p299-2.png; /images/helmets/p299-3.png; /images/helmets/p299-4.png",,,
Night Owl Variant,V'khari Industries,"Modern; Legacy; Pilot w/ Acc.; Covert; Mercenary; Survivor; Master",Yes,"/images/helmets/p301-1.png; /images/helmets/p301-2.png; /images/helmets/p301-3.png",,,
Advanced Infantry,Villainous Prop Shop,"Modern; Legacy; Pilot w/ Acc.; Covert; Mercenary; Survivor; Master",Yes,"/images/helmets/p303-1.png; /images/helmets/p303-2.png; /images/helmets/p303-3.png; /images/helmets/p303-4.png",,,
Armorer,Villainous Prop Shop,"Modern; Legacy; Covert; Survivor; Master",Yes,"/images/helmets/p304-1.png; /images/helmets/p304-2.png; /images/helmets/p304-3.png",,,
Batmandalorian,Villainous Prop Shop,,No,"/images/helmets/p305-1.png; /images/helmets/p305-2.png; /images/helmets/p305-3.png",,,
Berzerker,Villainous Prop Shop,"Comic Crusader; Tech Crusader",Yes,"/images/helmets/p306-1.png; /images/helmets/p306-2.png; /images/helmets/p306-3.png; /images/helmets/p306-4.png",,,
Blacwin,Villainous Prop Shop,,No,"/images/helmets/p307-1.png; /images/helmets/p307-2.png; /images/helmets/p307-3.png",,,
Blacwin/ SavageHunter W/Mohawk,Villainous Prop Shop,,No,"/images/helmets/p308-1.png; /images/helmets/p308-2.png; /images/helmets/p308-3.png; /images/helmets/p308-4.png",,,
Boba Fett,Villainous Prop Shop,"Modern; Legacy; Pilot w/ Acc.; Covert; Mercenary; Survivor; Master",Yes,"/images/helmets/p309-1.png; /images/helmets/p309-2.png; /images/helmets/p309-3.png; /images/helmets/p309-4.png",,,
Charismatic,Villainous Prop Shop,Comic Crusader,Yes,"/images/helmets/p310-1.png; /images/helmets/p310-2.png; /images/helmets/p310-3.png",,,
Crusader,Villainous Prop Shop,"Comic Crusader; Tech Crusader",Yes,"/images/helmets/p311-1.png; /images/helmets/p311-2.png; /images/helmets/p311-3.png",,,
Death Watch,Villainous Prop Shop,"Modern; Legacy; Pilot w/ Acc.; Covert; Survivor; Master",Yes,"/images/helmets/p312-1.png; /images/helmets/p312-2.png",,,
Din,Villainous Prop Shop,"Modern; Legacy; Pilot w/ Acc.; Covert; Mercenary; Survivor; Master",Yes,"/images/helmets/p313-1.png; /images/helmets/p313-2.png; /images/helmets/p313-3.png",,,
Forgemaster,Villainous Prop Shop,,No,"/images/helmets/p314-1.png; /images/helmets/p314-2.png; /images/helmets/p314-3.png",,,
Heavy Infantry,Villainous Prop Shop,"Modern; Legacy; Pilot w/ Acc.; Covert; Mercenary; Survivor; Master",Yes,"/images/helmets/p315-1.png; /images/helmets/p315-2.png; /images/helmets/p315-3.png",,,
Jango Fett,Villainous Prop Shop,"Modern; Legacy; Pilot w/ Acc.; Covert; Mercenary; Survivor; Master",Yes,"/images/helmets/p316-1.png; /images/helmets/p316-2.png; /images/helmets/p316-3.png",,,
