Name,Website,Notes
3d Cauldron,https://3dcauldron.com/,
Alexander Makes,https://www.etsy.com/shop/AlexanderMakesShop,
Alter Ego,,
Cabris Workshop,,
Ceredir Cosplay,,
Cin Wolf Customs,,
Eternal Armory,,
Evolv Studios,,
Exiles Outpost,,
Galactic3dEmpire,,
Galactic Armory,,
Hasbro,,
Headshot Props,,
Hosk Workshop,,
Iron Forge,,
Jawa Brothers Customs,,
JTMProps,,
Keldabe Arms,,
Kruser Creations,,
Lonewolf Customs,,
MakerBak3d,,
ModernMando,,
Mynock's Den,,
Mystery Makers Studio,,
NME Props,,
Project 842,,
Propwright,,
Reciprocation Props,,
Reprops,,
Sarel's Armory,,
Saz,,
Star Furnace,,
Stein Custom Designs,,
Storm Seeker Studios,,
Tom Vader,,
V'khari Industries,,
Villainous Prop Shop,,
Warlord Arsenal,,
Warmaster Workshop,,
Zaroen,,